<dcc.lessonMapper2.ui.graph.element.lom.GenericActivity xmlns="http://www.dcc.uchile.cl/lessonMapper">
  <ID>5ad8afc5fa2e332c:-2d36b767:114746ee2c4:-7ff9</ID>
  <Activity>
    <ID>5ad8afc5fa2e332c:7ec400b4:11474b01b64:-7ffe</ID>
    <HasPartRelationID>5ad8afc5fa2e332c:7ec400b4:11474b01b64:-7ffd</HasPartRelationID>
    <Position>
      <X>36.03508465700821</X>
      <Y>30.60976319311111</Y>
    </Position>
  </Activity>
  <Activity>
    <ID>5ad8afc5fa2e332c:7ec400b4:11474b01b64:-7ffb</ID>
    <HasPartRelationID>5ad8afc5fa2e332c:7ec400b4:11474b01b64:-7ffa</HasPartRelationID>
    <Position>
      <X>20.908535521033333</X>
      <Y>45.07680223424684</Y>
    </Position>
  </Activity>
  <Activity>
    <ID>5ad8afc5fa2e332c:7ec400b4:11474b01b64:-7ff8</ID>
    <HasPartRelationID>5ad8afc5fa2e332c:7ec400b4:11474b01b64:-7ff7</HasPartRelationID>
    <Position>
      <X>50.985628672834096</X>
      <Y>44.77686623610874</Y>
    </Position>
  </Activity>
  <Activity>
    <ID>5ad8afc5fa2e332c:7ec400b4:11474b01b64:-7ff5</ID>
    <HasPartRelationID>5ad8afc5fa2e332c:7ec400b4:11474b01b64:-7ff4</HasPartRelationID>
    <Position>
      <X>5.885843951823491</X>
      <Y>29.54878687380017</Y>
    </Position>
  </Activity>
  <CommentNode>
    <Text>Clicking on the synoptic-view on the top-right in order to go back to the parent activity.</Text>
    <Width>252.72007912957477</Width>
    <Position>
      <X>17.03264094955488</X>
      <Y>17.967359050445115</Y>
    </Position>
  </CommentNode>
  <CommentNode>
    <Text>In a nested activity node, the position of this activity related to its parent activity is shown by a purple circle in the synoptic view on the top-right of the window</Text>
    <Width>252.72007912957477</Width>
    <Position>
      <X>16.30563798219583</X>
      <Y>9.658753709198823</Y>
    </Position>
  </CommentNode>
  <Material>
    <ID>5ad8afc5fa2e332c:3e7fead5:114891ffac5:-7ffe</ID>
    <HasPartRelationID>5ad8afc5fa2e332c:3e7fead5:114891ffac5:-7ffc</HasPartRelationID>
    <Position>
      <X>36.70588235294118</X>
      <Y>60.15686274509804</Y>
    </Position>
  </Material>
</dcc.lessonMapper2.ui.graph.element.lom.GenericActivity>