<dcc.lessonMapper2.ui.graph.element.lom.GenericActivity xmlns="http://www.dcc.uchile.cl/lessonMapper">
  <ID>5ad8afc5fa2e332c:78881494:1148411b5a5:-7fd8</ID>
  <Material>
    <ID>5ad8afc5fa2e332c:78881494:1148411b5a5:-7fdc</ID>
    <HasPartRelationID>5ad8afc5fa2e332c:78881494:1148411b5a5:-7fd5</HasPartRelationID>
    <Position>
      <X>44.41176470588231</X>
      <Y>39.122549019607796</Y>
    </Position>
  </Material>
  <Material>
    <ID>5ad8afc5fa2e332c:78881494:1148411b5a5:-7fd3</ID>
    <HasPartRelationID>5ad8afc5fa2e332c:78881494:1148411b5a5:-7fd2</HasPartRelationID>
    <Position>
      <X>9.90196078431231</X>
      <Y>21.176470588236434</Y>
    </Position>
  </Material>
  <CommentNode>
    <Text>Middle click or open this node to know more about validation state of node metadata.</Text>
    <Width>196.73202614379028</Width>
    <Position>
      <X>10.980392156862647</X>
      <Y>44.12254901960784</Y>
    </Position>
  </CommentNode>
  <CommentNode>
    <Text>Middle click or open this node to know more about context-based suggestions of node metadata.</Text>
    <Width>196.73202614379028</Width>
    <Position>
      <X>28.039215686274407</X>
      <Y>23.436274509803916</Y>
    </Position>
  </CommentNode>
</dcc.lessonMapper2.ui.graph.element.lom.GenericActivity>