<dcc.lessonMapper2.ui.graph.element.lom.GenericActivity xmlns="http://www.dcc.uchile.cl/lessonMapper">
  <ID>5ad8afc5fa2e332c:7ec400b4:11474b01b64:-7ffb</ID>
  <Activity>
    <ID>5ad8afc5fa2e332c:78881494:1148411b5a5:-7fd8</ID>
    <HasPartRelationID>5ad8afc5fa2e332c:78881494:1148411b5a5:-7fd7</HasPartRelationID>
    <Position>
      <X>14.90196078431381</X>
      <Y>57.45098039215715</Y>
    </Position>
  </Activity>
  <Material>
    <ID>5ad8afc5fa2e332c:78881494:1148411b5a5:-7fef</ID>
    <HasPartRelationID>5ad8afc5fa2e332c:78881494:1148411b5a5:-7fee</HasPartRelationID>
    <Position>
      <X>12.549019607843364</X>
      <Y>23.137254901960887</Y>
    </Position>
  </Material>
  <Material>
    <ID>5ad8afc5fa2e332c:78881494:1148411b5a5:-7fec</ID>
    <HasPartRelationID>5ad8afc5fa2e332c:78881494:1148411b5a5:-7feb</HasPartRelationID>
    <Position>
      <X>44.50980392156869</X>
      <Y>36.372549019607966</Y>
    </Position>
  </Material>
  <CommentNode>
    <Text>Activity and Material nodes caracteristics (metadata) can be edited:
-&gt; Double click on  node title to modify it.
-&gt; Select one or more nodes on the right panel and directly edit its/their keywords and description.</Text>
    <Width>293.46405228758147</Width>
    <Position>
      <X>13.039215686274728</X>
      <Y>8.23529411764719</Y>
    </Position>
  </CommentNode>
  <CommentNode>
    <Text>Try with this node!</Text>
    <Width>103.0</Width>
    <Position>
      <X>10.490196078431564</X>
      <Y>18.039215686274524</Y>
    </Position>
  </CommentNode>
  <CommentNode>
    <Text>You can select more than one node using the SHIFT key while clicking on them</Text>
    <Width>184.96732026143798</Width>
    <Position>
      <X>35.098039215686434</X>
      <Y>24.117647058823827</Y>
    </Position>
  </CommentNode>
  <CommentNode>
    <Text>Try to select the two nodes</Text>
    <Width>127.45098039215677</Width>
    <Position>
      <X>40.098039215686455</X>
      <Y>30.98039215686273</Y>
    </Position>
  </CommentNode>
  <CommentNode>
    <Text>Cliking on the "Show attributes" button permits to display and edit the attribute selected in the bottom list.
-&gt; more than one attribute can be selected using the SHIFT key during selection.</Text>
    <Width>376.47058823529477</Width>
    <Position>
      <X>6.666666666666759</X>
      <Y>48.13725490196077</Y>
    </Position>
  </CommentNode>
</dcc.lessonMapper2.ui.graph.element.lom.GenericActivity>