<dcc.lessonMapper2.ui.graph.element.lom.GenericActivity xmlns="http://www.dcc.uchile.cl/lessonMapper">
  <ID>5ad8afc5fa2e332c:-2d36b767:114746ee2c4:-7ffe</ID>
  <Activity>
    <ID>5ad8afc5fa2e332c:-2d36b767:114746ee2c4:-7ff9</ID>
    <HasPartRelationID>5ad8afc5fa2e332c:-2d36b767:114746ee2c4:-7ff8</HasPartRelationID>
    <Position>
      <X>46.42433234421367</X>
      <Y>24.51038575667656</Y>
    </Position>
  </Activity>
  <Material>
    <ID>5ad8afc5fa2e332c:-2d36b767:114746ee2c4:-7ffc</ID>
    <HasPartRelationID>5ad8afc5fa2e332c:-2d36b767:114746ee2c4:-7ffb</HasPartRelationID>
    <Position>
      <X>13.29376854599406</X>
      <Y>25.652818991097934</Y>
    </Position>
  </Material>
  <CommentNode>
    <Text>In LM2, there is 2 types of nodes:</Text>
    <Width>173.0959446092977</Width>
    <Position>
      <X>22.017804154302677</X>
      <Y>13.6053412462908</Y>
    </Position>
  </CommentNode>
  <CommentNode>
    <Text>The Material Nodes</Text>
    <Width>110.0</Width>
    <Position>
      <X>10.178041543026703</X>
      <Y>20.563798219584573</Y>
    </Position>
  </CommentNode>
  <CommentNode>
    <Text>The Activity Nodes</Text>
    <Width>110.0</Width>
    <Position>
      <X>44.34718100890208</X>
      <Y>20.875370919881313</Y>
    </Position>
  </CommentNode>
  <CommentNode>
    <Text>Material nodes are associated with external material
-&gt; maintain middle click on the node to preview the material
-&gt; double click on the node to open it</Text>
    <Width>207.02274975271973</Width>
    <Position>
      <X>3.3234421364985107</X>
      <Y>38.01186943620178</Y>
    </Position>
  </CommentNode>
  <CommentNode>
    <Text>Activity nodes are container for more nodes
-&gt; double click to enter this activity</Text>
    <Width>180.71216617210692</Width>
    <Position>
      <X>39.7774480712166</X>
      <Y>38.73887240356083</Y>
    </Position>
  </CommentNode>
</dcc.lessonMapper2.ui.graph.element.lom.GenericActivity>