<dcc.lessonMapper2.ui.graph.element.lom.GenericActivity xmlns="http://www.dcc.uchile.cl/lessonMapper">
  <ID>5ad8afc5fa2e332c:7ec400b4:11474b01b64:-7ffe</ID>
  <Material>
    <ID>5ad8afc5fa2e332c:78881494:1148411b5a5:-7ffb</ID>
    <HasPartRelationID>5ad8afc5fa2e332c:78881494:1148411b5a5:-7ffa</HasPartRelationID>
    <Position>
      <X>30.09803921568628</X>
      <Y>17.352941176470573</Y>
    </Position>
  </Material>
  <Material>
    <ID>5ad8afc5fa2e332c:78881494:1148411b5a5:-7ff7</ID>
    <HasPartRelationID>5ad8afc5fa2e332c:78881494:1148411b5a5:-7ff6</HasPartRelationID>
    <Position>
      <X>15.980392156861889</X>
      <Y>42.35294117646996</Y>
    </Position>
  </Material>
  <Material>
    <ID>5ad8afc5fa2e332c:78881494:1148411b5a5:-7ff4</ID>
    <HasPartRelationID>5ad8afc5fa2e332c:78881494:1148411b5a5:-7ff3</HasPartRelationID>
    <Position>
      <X>45.39215686274408</X>
      <Y>42.254901960783535</Y>
    </Position>
  </Material>
  <CommentNode>
    <Text>Nodes can be related with sematical or rethorical relations.</Text>
    <Width>186.45487868737936</Width>
    <Position>
      <X>22.03176819689313</X>
      <Y>9.718682725315656</Y>
    </Position>
  </CommentNode>
  <CommentNode>
    <Text>Try to relate "a source node" with "a target node"</Text>
    <Width>130.06535947712473</Width>
    <Position>
      <X>26.372549019606982</X>
      <Y>34.215686274509196</Y>
    </Position>
  </CommentNode>
  <CommentNode>
    <Text>-&gt; Double click on the relation title to change its type.
-&gt; Move the relation  title to reshape the arrow</Text>
    <Width>253.59477124183184</Width>
    <Position>
      <X>17.74509803921464</X>
      <Y>53.725490196077764</Y>
    </Position>
  </CommentNode>
</dcc.lessonMapper2.ui.graph.element.lom.GenericActivity>