<dcc.lessonMapper2.ui.graph.element.lom.GenericActivity xmlns="http://www.dcc.uchile.cl/lessonMapper">
  <ID>5ad8afc5fa2e332c:7ec400b4:11474b01b64:-7ff8</ID>
  <Material>
    <ID>5ad8afc5fa2e332c:78881494:1148411b5a5:-7fe7</ID>
    <HasPartRelationID>5ad8afc5fa2e332c:78881494:1148411b5a5:-7fe6</HasPartRelationID>
    <Position>
      <X>29.803921568627572</X>
      <Y>26.17647058823524</Y>
    </Position>
  </Material>
  <CommentNode>
    <Text>LM2 Projects are stored as directories on the local the disk</Text>
    <Width>264.70588235294025</Width>
    <Position>
      <X>15.490196078431659</X>
      <Y>14.70588235294126</Y>
    </Position>
  </CommentNode>
</dcc.lessonMapper2.ui.graph.element.lom.GenericActivity>