<dcc.lessonMapper2.ui.graph.element.lom.GenericActivity xmlns="http://www.dcc.uchile.cl/lessonMapper">
  <ID>5ad8afc5fa2e332c:78881494:1148411b5a5:-7fce</ID>
  <Material>
    <ID>5ad8afc5fa2e332c:7ec400b4:11474b01b64:-7fee</ID>
    <HasPartRelationID>5ad8afc5fa2e332c:78881494:1148411b5a5:-7fcb</HasPartRelationID>
    <Position>
      <X>10.79362308721696</X>
      <Y>24.27532437307276</Y>
    </Position>
  </Material>
  <CommentNode>
    <Text>Practice!</Text>
    <Width>39.46587537092016</Width>
    <Position>
      <X>12.77855355792148</X>
      <Y>36.45487868738016</Y>
    </Position>
  </CommentNode>
  <CommentNode>
    <Text>Drag&amp;drop of an external resource in the current activity also creates a new material node associated to this resource.</Text>
    <Width>288.88888888888505</Width>
    <Position>
      <X>14.019607843137731</X>
      <Y>50.5882352941182</Y>
    </Position>
  </CommentNode>
  <CommentNode>
    <Text>Next, an external resource of any type can be associated by drag&amp;drop on the material node.</Text>
    <Width>223.52941176471023</Width>
    <Position>
      <X>27.745098039214934</X>
      <Y>29.019607843137614</Y>
    </Position>
  </CommentNode>
</dcc.lessonMapper2.ui.graph.element.lom.GenericActivity>