<dcc.lessonMapper2.ui.graph.element.lom.GenericActivity xmlns="http://www.dcc.uchile.cl/lessonMapper">
  <ID>5ad8afc5fa2e332c:7ec400b4:11474b01b64:-7ff5</ID>
  <Activity>
    <ID>5ad8afc5fa2e332c:78881494:1148411b5a5:-7fce</ID>
    <HasPartRelationID>5ad8afc5fa2e332c:78881494:1148411b5a5:-7fcd</HasPartRelationID>
    <Position>
      <X>19.90196078431384</X>
      <Y>25.784313725490403</Y>
    </Position>
  </Activity>
  <Material>
    <ID>5ad8afc5fa2e332c:7ec400b4:11474b01b64:-7fea</ID>
    <HasPartRelationID>5ad8afc5fa2e332c:7ec400b4:11474b01b64:-7fe9</HasPartRelationID>
    <Position>
      <X>46.008902077151326</X>
      <Y>26.899109792284957</Y>
    </Position>
  </Material>
  <Material>
    <ID>5ad8afc5fa2e332c:7ec400b4:11474b01b64:-7fe6</ID>
    <HasPartRelationID>5ad8afc5fa2e332c:7ec400b4:11474b01b64:-7fe5</HasPartRelationID>
    <Position>
      <X>13.422063187292624</X>
      <Y>45.9027171699542</Y>
    </Position>
  </Material>
  <Material>
    <ID>5ad8afc5fa2e332c:78881494:1148411b5a5:-7fe3</ID>
    <HasPartRelationID>5ad8afc5fa2e332c:78881494:1148411b5a5:-7fe2</HasPartRelationID>
    <Position>
      <X>44.80392156862774</X>
      <Y>50.78431372549037</Y>
    </Position>
  </Material>
  <CommentNode>
    <Text>Maintain middle click on the following material nodes to learn how to insert new nodes</Text>
    <Width>215.3313550939644</Width>
    <Position>
      <X>17.86350148367965</X>
      <Y>15.059347181009098</Y>
    </Position>
  </CommentNode>
  <CommentNode>
    <Text>Practice!</Text>
    <Width>39.46587537092016</Width>
    <Position>
      <X>48.60534124629061</X>
      <Y>38.6350148367954</Y>
    </Position>
  </CommentNode>
  <CommentNode>
    <Text>Practice!</Text>
    <Width>39.46587537092016</Width>
    <Position>
      <X>15.395356955838531</X>
      <Y>56.807761680339944</Y>
    </Position>
  </CommentNode>
</dcc.lessonMapper2.ui.graph.element.lom.GenericActivity>